role,relative_path,sha256,byte_count,evidence_state,provenance_note
analysis_freeze_record,,,,MISSING,
reference_certificate_source,,,,MISSING,
reference_certificate_metadata,,,,MISSING,
source_spectrum_data,,,,MISSING,
source_spectrum_metadata,,,,MISSING,
dut_responsivity_data,,,,MISSING,
reference_responsivity_data,,,,MISSING,
detector_linearity_data,,,,MISSING,
detector_linearity_metadata,,,,MISSING,
reference_repeatability_raw,,,,MISSING,
instrument_temporal_raw,,,,MISSING,
settling_transient_raw,,,,MISSING,
voc_intensity_raw,,,,MISSING,
randomized_order_raw,,,,MISSING,
packet_manifest,,,,MISSING,
