section,condition,metric,value,class,unit
grid,13,ratio,1.3598938172877042,planning,dimensionless
grid,13,local7_support_factor,6.324555320336759,planning,x intensity
grid,13,se_delta_n_sigma0p5mV,0.02570727257357729,synthetic,dimensionless
grid,13,power_effect0p10_sigma0p5mV,0.9731957052706248,synthetic,probability
grid,13,incident_energy_5s_each_mJ,356.44762337997304,planning,mJ
grid,15,ratio,1.3014660887231955,planning,dimensionless
grid,15,local7_support_factor,4.859562131612256,planning,x intensity
grid,15,se_delta_n_sigma0p5mV,0.019617579218064063,synthetic,dimensionless
grid,15,power_effect0p10_sigma0p5mV,0.9991480379219713,synthetic,probability
grid,15,incident_energy_5s_each_mJ,406.90610226124795,planning,mJ
grid,17,ratio,1.2592986838463873,planning,dimensionless
grid,17,local7_support_factor,3.9881592966356063,planning,x intensity
grid,17,se_delta_n_sigma0p5mV,0.022420090534930354,synthetic,dimensionless
grid,17,power_effect0p10_sigma0p5mV,0.9937959644089625,synthetic,probability
grid,17,incident_energy_5s_each_mJ,457.44969375898535,planning,mJ
grid,19,ratio,1.2274486507771587,planning,dimensionless
grid,19,local7_support_factor,3.419951893353392,planning,x intensity
grid,19,se_delta_n_sigma0p5mV,0.025222601851796665,synthetic,dimensionless
grid,19,power_effect0p10_sigma0p5mV,0.9775042584353115,synthetic,probability
grid,19,incident_energy_5s_each_mJ,508.05012447798305,planning,mJ
point_noise_power,0.25,window7_effect0.05,0.9937959644089625,synthetic,probability
point_noise_power,0.25,window7_effect0.10,0.999999999998306,synthetic,probability
point_noise_power,0.25,window7_effect0.15,1.0,synthetic,probability
point_noise_power,0.25,window9_effect0.05,0.9983155940579692,synthetic,probability
point_noise_power,0.25,window9_effect0.10,0.9999999999999974,synthetic,probability
point_noise_power,0.25,window9_effect0.15,1.0,synthetic,probability
point_noise_power,0.5,window7_effect0.05,0.6065025366028948,synthetic,probability
point_noise_power,0.5,window7_effect0.10,0.9937959644089625,synthetic,probability
point_noise_power,0.5,window7_effect0.15,0.9999988799634738,synthetic,probability
point_noise_power,0.5,window9_effect0.05,0.6865126334291457,synthetic,probability
point_noise_power,0.5,window9_effect0.10,0.9983155940579692,synthetic,probability
point_noise_power,0.5,window9_effect0.15,0.9999999623099999,synthetic,probability
point_noise_power,1.0,window7_effect0.05,0.2001377740559549,synthetic,probability
point_noise_power,1.0,window7_effect0.10,0.6065025366028948,synthetic,probability
point_noise_power,1.0,window7_effect0.15,0.9170120352565772,synthetic,probability
point_noise_power,1.0,window9_effect0.05,0.23129172487723548,synthetic,probability
point_noise_power,1.0,window9_effect0.10,0.6865126334291457,synthetic,probability
point_noise_power,1.0,window9_effect0.15,0.9562693193596831,synthetic,probability
point_noise_power,2.0,window7_effect0.05,0.08630324464175487,synthetic,probability
point_noise_power,2.0,window7_effect0.10,0.2001377740559549,synthetic,probability
point_noise_power,2.0,window7_effect0.15,0.3870597964722472,synthetic,probability
point_noise_power,2.0,window9_effect0.05,0.09381582776968322,synthetic,probability
point_noise_power,2.0,window9_effect0.10,0.23129172487723548,synthetic,probability
point_noise_power,2.0,window9_effect0.15,0.45013384244511645,synthetic,probability
substrate_sensitivity,sd0.000_n5,effect0.05,0.9987641579468807,synthetic,probability
substrate_sensitivity,sd0.000_n5,effect0.10,0.9999999999999994,synthetic,probability
substrate_sensitivity,sd0.000_n5,effect0.15,1.0,synthetic,probability
substrate_sensitivity,sd0.000_n7,effect0.05,0.9999593336575756,synthetic,probability
substrate_sensitivity,sd0.000_n7,effect0.10,1.0,synthetic,probability
substrate_sensitivity,sd0.000_n7,effect0.15,1.0,synthetic,probability
substrate_sensitivity,sd0.000_n9,effect0.05,0.9999988799634738,synthetic,probability
substrate_sensitivity,sd0.000_n9,effect0.10,1.0,synthetic,probability
substrate_sensitivity,sd0.000_n9,effect0.15,1.0,synthetic,probability
substrate_sensitivity,sd0.000_n12,effect0.05,0.9999999959286336,synthetic,probability
substrate_sensitivity,sd0.000_n12,effect0.10,1.0,synthetic,probability
substrate_sensitivity,sd0.000_n12,effect0.15,1.0,synthetic,probability
substrate_sensitivity,sd0.025_n5,effect0.05,0.9145683764058321,synthetic,probability
substrate_sensitivity,sd0.025_n5,effect0.10,0.9999986917436154,synthetic,probability
substrate_sensitivity,sd0.025_n5,effect0.15,0.9999999999999996,synthetic,probability
substrate_sensitivity,sd0.025_n7,effect0.05,0.9761164147384507,synthetic,probability
substrate_sensitivity,sd0.025_n7,effect0.10,0.9999999983788183,synthetic,probability
substrate_sensitivity,sd0.025_n7,effect0.15,1.0,synthetic,probability
substrate_sensitivity,sd0.025_n9,effect0.05,0.9939101274713282,synthetic,probability
substrate_sensitivity,sd0.025_n9,effect0.10,0.999999999998457,synthetic,probability
substrate_sensitivity,sd0.025_n9,effect0.15,1.0,synthetic,probability
substrate_sensitivity,sd0.025_n12,effect0.05,0.9993078832505378,synthetic,probability
substrate_sensitivity,sd0.025_n12,effect0.10,1.0,synthetic,probability
substrate_sensitivity,sd0.025_n12,effect0.15,1.0,synthetic,probability
substrate_sensitivity,sd0.050_n5,effect0.05,0.5320613159717346,synthetic,probability
substrate_sensitivity,sd0.050_n5,effect0.10,0.9830268897331763,synthetic,probability
substrate_sensitivity,sd0.050_n5,effect0.15,0.9999841603963664,synthetic,probability
substrate_sensitivity,sd0.050_n7,effect0.05,0.6751619446488133,synthetic,probability
substrate_sensitivity,sd0.050_n7,effect0.10,0.9979369352239257,synthetic,probability
substrate_sensitivity,sd0.050_n7,effect0.15,0.9999999362883532,synthetic,probability
substrate_sensitivity,sd0.050_n9,effect0.05,0.7815503160329983,synthetic,probability
substrate_sensitivity,sd0.050_n9,effect0.10,0.9997799859795259,synthetic,probability
substrate_sensitivity,sd0.050_n9,effect0.15,0.9999999997976885,synthetic,probability
substrate_sensitivity,sd0.050_n12,effect0.05,0.8851075645534319,synthetic,probability
substrate_sensitivity,sd0.050_n12,effect0.10,0.9999935498324336,synthetic,probability
substrate_sensitivity,sd0.050_n12,effect0.15,0.9999999999999731,synthetic,probability
substrate_sensitivity,sd0.075_n5,effect0.05,0.29781768877081505,synthetic,probability
substrate_sensitivity,sd0.075_n5,effect0.10,0.8150234708130095,synthetic,probability
substrate_sensitivity,sd0.075_n5,effect0.15,0.9899592021435789,synthetic,probability
substrate_sensitivity,sd0.075_n7,effect0.05,0.393702656711616,synthetic,probability
substrate_sensitivity,sd0.075_n7,effect0.10,0.9221844247744959,synthetic,probability
substrate_sensitivity,sd0.075_n7,effect0.15,0.9990641217043548,synthetic,probability
substrate_sensitivity,sd0.075_n9,effect0.05,0.48260473393700054,synthetic,probability
substrate_sensitivity,sd0.075_n9,effect0.10,0.969428726989721,synthetic,probability
substrate_sensitivity,sd0.075_n9,effect0.15,0.9999242740867547,synthetic,probability
substrate_sensitivity,sd0.075_n12,effect0.05,0.5997607289170022,synthetic,probability
substrate_sensitivity,sd0.075_n12,effect0.10,0.993155868083512,synthetic,probability
substrate_sensitivity,sd0.075_n12,effect0.15,0.9999985515288473,synthetic,probability
substrate_sensitivity,sd0.100_n5,effect0.05,0.19356080730609504,synthetic,probability
substrate_sensitivity,sd0.100_n5,effect0.10,0.5878363501273156,synthetic,probability
substrate_sensitivity,sd0.100_n5,effect0.15,0.9053900348880517,synthetic,probability
substrate_sensitivity,sd0.100_n7,effect0.05,0.25228071585196665,synthetic,probability
substrate_sensitivity,sd0.100_n7,effect0.10,0.7329325137592064,synthetic,probability
substrate_sensitivity,sd0.100_n7,effect0.15,0.9720958011122446,synthetic,probability
substrate_sensitivity,sd0.100_n9,effect0.05,0.3101505874888342,synthetic,probability
substrate_sensitivity,sd0.100_n9,effect0.10,0.8333198106257352,synthetic,probability
substrate_sensitivity,sd0.100_n9,effect0.15,0.9924720180458546,synthetic,probability
substrate_sensitivity,sd0.100_n12,effect0.05,0.3937613868419938,synthetic,probability
substrate_sensitivity,sd0.100_n12,effect0.10,0.9222289279062619,synthetic,probability
substrate_sensitivity,sd0.100_n12,effect0.15,0.9990655737872819,synthetic,probability
